text,emotion
i seriously hate one subject to death but now i feel reluctant to drop it,anger
im so full of life i feel appalled,fear
i sit here to write i start to dig out my feelings and i think that i am afraid to accept the possibility that he might not make it,fear
ive been really angry with r and i feel like an idiot for trusting him in the first place,anger
i feel suspicious if there is no one outside like the rapture has happened or something,surprise
i feel jealous becasue i wanted that kind of love the true connection between two souls and i wanted that,desire
when a friend of mine keeps telling me morbid things that happened to his dog,fear
i finally fell asleep feeling angry useless and still full of anxiety,fear
i feel a bit annoyed and antsy in a good way,annoyance
i feel like i ve regained another vital part of my life which is living,joy
i feel a bit like franz liebkind in the producers not many people know it but the fuhrer was a terrific dancer,admiration
i was feeling at the start didnt want to move much at all was really glad to experience this glimpse into the sort of vibrant energy i will gain through out the year,joy
i was bitten by a dog,sadness
i do not always find myself feeling thankful but over the years i ve gathered a few tricks that allow me to feel grateful in the face of moments when the last thing i want to do is say thanks,gratitude
i just try not to talk to anyone when i feel irritable like that,annoyance
i feel like they hated me since then,fear
i dont know who wrote the following little note but this is how i feel today if u r offended by the following posting then you obviously have not lived long enough to be compromised on how you act or believe,neutral
i feel offended i choose to tell you guys how i feel because i treated you guys as friends and would want to put a stop to all these nonsense,annoyance
i remember feeling as if i didn t belong and that i wasn t smart enough cool enough or even young enough,realization
i feel like i have to redeem myself even though i think they realized why i was distraught and were ok with it,sadness
i hope that the next quote will be able to let my special someone knows what im feeling insecure about and understand that no matter how much i trust,optimism
i feel much better and without the help of ice,relief
i am sitting here typing this and wondering where i belong feeling distracted feeling comfortable feeling misunderstood and hurt,realization
i still feel its a little shaky at times and can move into the slightly odd jades hair in particular seems prone to this but generally it works well with spencers writing,neutral
i stropped about for a bit feeling grumpy because i was missing out,disappointment
i have a feeling i shall go mad,amusement
i am happpy when i get good results in the field of academics or athletics,joy
i got the feeling brig is sincere and has a very strong desire to help others become successful both financially and also through building strengthening relationships through christianity,admiration
im feeling deeply overwhelmed by these ordinary tasks,surprise
i feel so grouchy and irritable when im sick,annoyance
i feel my heart shaky all the time now,nervousness
i expect and i feel content with that,approval
i feel amused at the absurdity of it all,amusement
i end up getting unwanted attention from boys i want little to do with or ill be sort of starting something with a boy then find myself flirtiing with others in his presence or ill feel really insincere around boys that i do like,embarrassment
i just couldnt help feeling a little bit bitter towards his great big happy grin,joy
i go back to my point about what an easy sell getting folk to feel really virtuous for not doing what they dont want to do anyway,neutral
im feeling a bit more sociable now although i dont think ill be able to express everything i want to say,pride
i would feel joyful,joy
at a certain situation i felt myself neglected and undeservedly harmed,sadness
i felt good and feel fine today too,relief
i looked at what had happened to us in two generations and looked at what hadn t happened to them in two or three and instead of feeling outraged by their history of aggression i felt privileged by it,sadness
im feeling slightly optimistic,optimism
i feel and some is just a hateful of hollow yes i hear many smiths these days,neutral
im still feeling indecisive im polling yall p,confusion
sometime back another girl who was in terms with my exboyfriend came to shout at me at twelve midnight it was because she thought i was still interested in the boy,neutral
id start feeling resentful that i lived in a part of the country where the sun stubbornly refuses to show itself after the end of september,annoyance
i just feel so fucked up these days,anger
i confess that i was feeling nervous as i made my way to the event venue,nervousness
i was really worried that i would feel intimidated by monica but when we met that morning she was incredibly welcoming and made me feel relaxed straight away,nervousness
i was sick with a cold amp not feeling well wondering if i would even be able to have the patience to go to whitleys month photo shoot,realization
i feel like i have been a bit obnoxious in my picture posting,disgust
i feel morally outraged and furious more often than i d like,anger
i feel pissed my friend didnt offer me a soda,annoyance
i feel our hearts are treading dangerous territory,fear
i feel frightened by it all,fear
i know it was not pleasant for her and i feel selfish saying it but i think i would have fallen apart if i had been there,realization
i feel shafted or greedy,embarrassment
i have just had such a crappy week that i am still feeling all agitated and like the day wasn t what i wanted,nervousness
i feel rebellious because i don t particularly like watching romcoms but i get the feeling that i may be pretty good at writing them,approval
i feel reluctant to just leave her alone like that without helping her enough to repay her goodness to me,caring
i am ashamed when i feel like that the moment i see terrified crying children and dead ones,embarrassment
i wake up in the morning and have my voice and my throat feels ok but by the afternoon its all scratchy again and i sound like marge simpson until the night when its so bad and my throat is so sore i just have to whisper,realization
ive always been very nervous to do something like that as i feel like i am not really that talented to enter something into an official contest,nervousness
i feel a bit pissed off because we went first,annoyance
i feel satisfied knowing the dirt and hair is no longer in the car and house,relief
i really like how the special edition really does feel special with songs on it,joy
i would accept your gift without feeling mad,approval
i feel hesitant to do it since i don t have any experience with programming and all,nervousness
i was feeling particularly bitchy and i dont think i adequately expressed my appreciation for that,anger
i do feel confused,confusion
im with you when your professor looks at you like a spitball when your friend is dying when you cry into your pillow at night when you feel the dangerous tickles of jealousy luring you down into its lair,caring
i didn t feel rushed to finish millions of things and i was able to focus on each task separately,neutral
i feel so tortured,sadness
i dunno how it feels to be completely happy the real world has taught me about struggle but what i m going thru is nothing close to struggle,joy
i feel like she has taken on the role of a grandmother to me since my beloved grandma is no longer with me,sadness
i fear that other people ask me about my feelings i am most reluctant to talk about things,fear
i would have smiled except i was starting to feel like any more uptight comments and my jaw would fall right out of my head,realization
i feel so comfortable around him,relief
i feel completely unsure of any boundaries or normalcy,confusion
i think of or feel gratitude i think of my kind and gracious heavenly father,gratitude
im feeling really really left out and somewhat dissatisfied with everything,disapproval
i simply said how sorry i am and just got out from her car and got into my house feeling restless,remorse
i am feeling weird and feel wanna know,disgust
i had an incredible feeling of frantic despair,fear
i feel reluctant to sell but hey,approval
i take a long sip and feel the cold sensation of the iced capp,relief
i wasn t feeling pressured even if this was the longest race and the one i expected the most from,embarrassment
i also hope you understand why i feel so angry with you when you dont support the hat rule or when you turn up at a school event sans hat yourself,anger
i remember feeling the most terrified i had ever felt in my entire life and that its still affecting me now but ive never thought it accounted to trauma,fear
i had for me to confess my feelings for her but still i couldnt bring myself to her for i was scared of losing her once more,fear
im clearly influenced by the dash happiness of emily dickinson for example and i use dashes instead of colons or semi colons to enhance the feelings of rushed enjambment in the sonnet,approval
i pray that the eyes that read this the minds that comprehend this and the hearts that feel this will not be offended,caring
im not afraid of going on my own but i feel like a lot of people were in groups and a part of me feels like it would be cool to have a small group to hang out with,joy
the possibility of having failed the examination,neutral
i feel so thankful to be in a part of the country where i can train outdoors this late in the year and not have to bundle up or wear several layers,gratitude
i am feeling rather grouchy too this morning since i didnt sleep last night on purpose,annoyance
i feel like the earthquake has also shaken the foundations of my life and work,disappointment
i might be able to recreate the feeling when i get back into the cold fog that awaits me tomorrow night,neutral
i woke up feeling positive i was totally in the mood for doing this and this evening i feel the same i had a banana shake for breakfast a chocolate shake for dinner and a sunday roast for tea,approval
i would just go to the straight point rather than doing a defination of such as what is romance feeling or anger feeling or suspicious feelings,approval
i feel so bitchy and mean and terrible,anger
i feel envious that they can keep their posts regular and interesting and wish that i could feel this way to,annoyance
i feel like him try to stay as faithful as possible to what he perceives as the real events that happened in that mountain,caring
i feel assaulted the new kid whined,neutral
ive had a long road of that initially feeling like i was being rude for turning down food that was made brought for me and sometimes eating stuff because it was gluten free and looked delicious even if it maybe wasnt what i felt good about eating some really mediocre wedding cake for example,disgust
i wanted to make sure i didnt feel rushed getting to century college on friday afternoon,neutral
id kick myself into gear but i just feel irritable with no motivation what so ever,annoyance
i feel so much more productive at college and so to keep that productivity in full gear ill have to chalk up some ideas for art projects this summer train an army of attack pigeons and take over a tiny and uninhabited island,pride
i have a feeling that your father already convinced him of that,neutral
i feel im not bothered by that,approval
i p i could sit here and beat myself up over it all but im feeling far to rebellious for that today basically im feeling angry at the world and at myself all at the same time,anger
im totally feeling bitchy and resentful about it,anger
i drove to class i was feeling a little apprehensive but still no sweat,nervousness
i feel so wronged but what can i do,surprise
i feel so weird that it feels like i wanna curse everything and bang my head onto the wall so that my world will be back to its focus,disgust
i feel suspicious of wrinkle prevention beauty products for some reason,disgust
i feel you see frantic and thus i am afraid,fear
i am feeling so grumpy today,nervousness
i feel that i have gotten to know the students pretty well and i talk to the parents if they drop their students off for the day,approval
i cant help but feel suspicious of everything,curiosity
i say we because it makes all the difference as a parent when you have an open and easy to talk to teacher who you really feel is the perfect fit for your child,approval
i feel a little bit frightened of islam,fear
im with her i feel terrific,caring
i feel like this insecurity is a good thing when i first started writing i pictured it all,approval
i even had a deep feeling for alaska and the cold and snowy and yet big open land with the pine trees and mountains but im destined to live in southern california,approval
i didn t feel like she was shy so much as taking it all in as her mother has described her,realization
i feel like any time anyone gets into the ring with him they are so intimidated by his arms and legs they dont even really try,realization
im feeling cranky cantankerous and resentful like a house slave basically almost all the mothers i know rely heavily on either alcohol marijuana or separation divorce to get some space and sanity for themselves away from their maternal responsibilities,anger
i was going crazy thank god i have a craving for fruits and chocolate it made me go out in the cold with a gross wind blowing in my neck feeling mad and angry and crappy,disgust
im not convinced that it all makes since because the talking never feels sincere in its execution and maybe the themes in life seem to large to ever fathom but what s the point when it already feels like an emotionless pit of self craving attention,confusion
i had begun to feel apprehensive when thick black rain clouds stormed into the sky above town,fear
i think that they pop up so automatically because seeing those pictures or people makes me feel insecure about myself,fear
i shut the door but i didn t feel triumphant,neutral
i could even feel his cold breath on my neck whispered hertha as she ran her fingers across the side of neck,neutral
i feel like life gave me a plenty of changes to shine and i pissed all over each and every one of them,realization
i was feeling grumpy not women problems grumpy but five year old i want to get my way kind of grumpy you don t think there s a difference,neutral
i feel like im back in my element and very pleased to be surrounded by adorable tiny garments,joy
i know you feel tortured reading this,sadness
i have a feeling hell be a casual favorite if blue or red are heavy colors at your casual tables otherwise i could see it in tournament decks while red is popular and possibly when if blue steps in its place one zendikar block rotates out,approval
i think this is a valid complaint for those who arent willing to deal with it this aspect i imagine will be rather subjective but it makes sure that the cover based moments still feel dangerous despite being in cover,fear
i feel like it must be a popular choice to have alterations done elsewhere,approval
i feel bothered,annoyance
i have noticed that if i go with out i start to feel irritated at him or easily annoyed by the things he does i feel this tiny ache inside of me almost unnoticeable the first few days as if a tiny hair had burrowed its way into my foot,realization
i said without emotion while feeling a freaked out fearful anxiety welling up in my chest,fear
i understand that any of my extremely positive attributes and there are some are overshadowed by my weakness and subconsciously some people are wired up to feel superior to others and thereby treat them differently,neutral
i find it very hard to feel relaxed for more than hours,realization
i am just feeling grumpy and sore,neutral
i just make assumptions based on what i see think feel i ve wondered this before with strange things,realization
i feel your motivation will be satisfied when you read this write up also who understands,approval
i walk in the door to my house i feel happy,joy
i feel more terrified than the customers will be in my maze,fear
i found these emails from scott dale and just reading them frusterated me so much that i feel the need to post them and show the world what a neurotic freak he was is,surprise
i have been neglecting the feeling of people around me i was stubborn,realization
i have been sneakily listen to x mas music since the beginning of october but now i feel as if it is a little more socially acceptable to prance around while eartha kitt s version of santa baby blares from my ipod,approval
i didn t feel as terrified or as nervous as i normally would in that type of situation,nervousness
i typically respond when i feel offended,annoyance
i am wearing and feeling confident about myself,optimism
i feel like i am as fearful now as i was when i first threw my leg over the top tube after my surgery,fear
i feel unprotected if i do though,neutral
im feeling artistic today,neutral
i confess to feeling a bit nervous now though there are some very talented people in the group,nervousness
i managed to eat more than i usually can on race morning mostly because jon was there and i didnt feel quite as nervous,nervousness
i had never read the posts i never would have spent the emotional and mental energy to argue with them in my head or feel irritated by them,disapproval
i feel pressured at times to succumb to fear and insecurities but thankfully i am still able to hold it on my own,relief
i feel my strengths are that i m very determined motivated in the workout room,pride
im feeling doubtful about my writing dreams to know shes behind me,confusion
i feel so enraged that i want to punch him but i don t because he s only years old,anger
i get into what it actually does i feel like everyone should buy it just because it smells amazing,admiration
i think the sooner we do the better well all feel greg im already in a distressed mood mom,optimism
im so excited but feeling kind of shy about it smile,excitement
i wear it i feel anxious visable spotlighted different unfashionable stupid embarrassed ashamed and paranoid,embarrassment
i feel like im back to the arms of a beloved last seen a long time ago,realization
i feel satisfied and happy with my choices today,joy
i walked away feeling inspired and excited about realistic things i could do to increase my blog s chances for being found,excitement
i feeling confused with my life and want to know why my life,confusion
i looked around and once again was disappointed that so little had shown up this evening but apparently this was my day to feel selfish,disappointment
i was feeling and i said impatient,neutral
i feel very reluctant to blog during my free period even when my hp is plugged to my laptop for charging making it easy to upload photos online,fear
i always notice even though she is fabulous at hiding it according to the rest of the world and feel it keenly and am greatly distressed,disappointment
i got a stitch in my side during the first mile couldnt feel my feet it was so cold etc etc,neutral
i feel uncomfortable when i need to sit through a bad presentations,annoyance
i feel there are other options that not as violent probably more costly yet equally futile so whats the problem with keeping our men and women out of harms way,confusion
ive collected as i feel its vital to create something precious from those items as a tribute to the earth and its power generosity,admiration
i feel as though i fucked up so majorly this summer that im cast off into an alternate universe that i went the wrong way on a timeline and im stuck in a world that the same as the one i knew in all but one way,disappointment
i friends helping them to dress up and practise their thai introduction session while i sat there feeling helpless,sadness
i feel helpless because i cannot stop it,sadness
im feeling disgusted already but seriously though i dont really like to have my pictures taken cause ive always referred to myself as ugly,disgust
i do feel very angered though,anger
i am feeling very virtuous today,approval
i just feel so good inside when i see people walking away with their own handmade pieces of,joy
i went to see my pcm on post for a follow up appointment and i left feeling hopeful and optimistic,optimism
i wish that the girl he asked to prom had accepted his invitation that way i couldve been heartbroken and done with my feeling for him but now im just so indecisive,desire
im still feeling all wimpy it may be another skip around,annoyance
i didnt feel safe in my room because the argument was going on in my room and things were getting rough,sadness
im not feeling pissed off about picking up those toys,approval
im feeling so goddamn pissed and just,anger
i hopped on the scale this morning feeling none too optimistic,optimism
i appreciate the award i feel there are so many wonderful blogs out there that we are all winners,admiration
i want to not feel shy with them i want to have fun with them,amusement
i should have left this movie feeling frightened or at the very least convinced that this number held some kind of mystical power or was the key to some government conspiracy but no,fear
i always feel i always understand that the people who are being the most hateful and harmful towards me are hurting themselves and taught wrongly and i hurt for them because i want to go back and undo the pain and childhood bigotry that binds their lives into this path,sadness
i am feeling extremely pleased with myself and i decide to give the guy another rupees,approval
i feel tortured every moment and theres nowhere i can go to get away from it or to get back to what i was used to,sadness
im feeling brave this would be nice with black tips,approval
i know who all think this way so i ve always feel skeptical about painting my nails red since i also have light skin so the red is really going to stand out is there a cute way for a year old to wear red nails without looking like she s trying too hard or looking like a hooker,approval
in ward a was an epileptic patient who was burnt the whole body and was stinking very much such that the whole ward was affected few people could come near him,sadness
i have grown accustomed to the creative freedom of living by myself i can dance around my house and write songs and play guitar without feeling inhibited by the eyes and ears of others,approval
i is an extremely positive feeling a divine energy who alone can take our quaking boat to the shore,joy
i feel in the long run this hurts paulie as you could visibly see how distraught he was with the result and the perception of his performance,sadness
i also wouldnt mind a canon d mark iii if anyone is feeling generous,curiosity
i wonder how genentech feel about a hostile takeover by its global partner,surprise
i feel that when i run i that is me sarah the mind am supporting this body,neutral
i feel truly impatient that this is taking so long,curiosity
i feel really greedy wanting all this stuff but my mom asked me to make a list so,neutral
i feel popular but they dont want to be taught and they wont get married before the get baptized so they cant obviously,neutral
i dont hate you i just honestly feel so bitter towards you atm,anger
i don t particularly have too much to say on it as it works well but doesn t particularly feel like it s something very clever or new,annoyance
i sometimes feel hated but i am not it is all in my head,sadness
i was feeling pretty anxious and overwhelmed as a friend rightly noted probably because i was on a boat with my mom grandmother and great aunt and no where to flee except the damn cold baltic sea,nervousness
i feel like i need cute pictures to share,desire
i wake up feeling triumphant,joy
i find it hard to feel jolly when throngs of people around me are so lost in the fervor of getting stuff that they cant see their heart for the green in their wallet encouraged by the constant barrage and pressure from every angle to shop here and buy more,joy
i am left feeling very confused and blah,confusion
i got a feeling by the look in her eyes that she was sincere,realization
i can think about is how lonely i feel im all grouchy and agitated and esily airritated,sadness
ive decided to intentionally make it easier on myself even though it makes me feel wimpy admitting that is the reason but this girl does have to work a day job,approval
im watching a movie called sharknado i feel like my intelligence is being insulted,disappointment
i am feeling apprehensive about this move and worried i have blown all my money that was meant to pay my rego,fear
i still feel like i get walked all over but well i m trying,realization
i told her that we cannot continue this way and when she is starting to feel frustrated she has to let me know in a calm way,neutral
i felt like the boys were disadvantaged missing out on all the exciting entertainments at home for children but now i feel like they have had a precious opportunity to get close and familiar with nature,approval
i was capable of doing the same as of late ive been feeling pretty bitter and depressed and not a lot of gratitude in general,disappointment
i can feel their joy and excitement for the opportunity to receive these vital ordinances,excitement
i worry about all of the time ive been spending on the computer and about how i feel so distracted by the party,nervousness
i feel like i cant be brave,fear
i wish i could call off the wedding just so i can feel carefree again,joy
i didnt feel scared at all,fear
i feel really contented just listening to the song,joy
i dont know who i like i feel so bitchy and flirty,confusion
ive had this urgent feeling to write to you and tell you how the files make me feel but have felt hesitant because of fear as to where it will lead me,fear
i started to develop feelings for you they scared me and i freaked out but you promised me that i was safe,fear
i guess avoiding the boundaries conversation with him has me feeling a little unsure about my confidence and strength,embarrassment
im so damn tired and i feel a little grouchy,annoyance
i was feeling quite something im not sure,confusion
i feel rude feel free to grab the seat next to me,annoyance
im contemplating and feeling skeptical,fear
i feel irritated useless and hopeless,anger
i don t feel bothered about it getting credit equals getting debt and i have no interest in doing that again,approval
i hurt your feelings or angered you with my last rant im sorry,caring
i was feeling angry at myself for feeling self conscious about my shorts or for wishing that i wasnt alone,anger
i feel petty things but not to the extent that humans seem to feel them wars have been started over stupid little things and try as i might i cannot understand how things such as loving two people or feeling jealous can lead to murder and unhappiness,confusion
i was feeling pretty cranky this morning and stopping in here really made me feel a lot better,joy
i was just yesterday feeling uncomfortable with highschool sigh,realization
i feel better now on the menu tonight,relief
i feel so hesitant to say anything positive trying to hold my breath so to speak because none of this really matters until i know that shaun has passed the dlpt,realization
i feel stressed out i would watch movies alone or just walk on the streets alone,nervousness
i slough off the carapace of crud that has enveloped me for the past thirty odd hours i feel invigorated and finally ready to face the day,relief
i discovered that it gave me a great feeling of satisfaction to produce a blog post a delicious dish a few photos a written recipe that tangible job completed feeling that s rare in my life as a stay at home mom,admiration
i feel a lot of pressure but i am determined to finish them so that i can visit my sister in may with a clear conscience,pride
i feel myself getting agitated over something insignificant or feeling bored i m going to remember this quote,nervousness
i feel bitchy i guess,anger
i much regret that i allowed johann to accompany me from khartoum i feel convinced he can never rally from his present descara,remorse
i feel have been convinced by many factors in our culture of a kind of cooking mystique,approval
im feeling very angry kind of sad tired and bored today,anger
im feeling a much more festive with the tree in,joy
i feel like as a creative professional you need to have that unpressed creative outlet to get re inspired,approval
i feel very distressed because i m supportive of this campaign and with the senator jackson told cnn,sadness
i feel like i am being obnoxious by posting every three seconds,annoyance
a girl entered in the division where i work and greeted everybody but not me,neutral
i started to feel apprehensive about it,fear
i should not feel afraid we can stop shoulding all over ourselves,optimism
im feeling bitter towards them god,anger
im being a teenager people and if you feel the need to make sarcastic bitchy comments you can kindly fuck off,annoyance
i hate seeing those red windows even more as what i feel inside resonates with the cold uncaring world i know exists behind them making me even more aware of this pain inside of me,anger
i can understand feeling uncertain about the abc link,confusion
i came to china feeling a little frightened of everything around me,fear
i tired of hearing of these unique communications special feelings and how sincere you are,sadness
i get the feeling that nellie is satisfied that the phone rang happy that leslie is out of the room now,joy
i do feel weird why seldom people eat at there,curiosity
i am not feeling fearful,neutral
i slow a bit to stay with him partly because i am feeling like if i start to win he will just give up and partly because i am afraid that if i push it he will kill himself trying to stay with me,fear
i feel bitchy today its as if today i realized that i couldnt count on any of my friends anymore,realization
i feel that the very foundations of my faith have been shaken to the core,realization
i did feel that the ending was a bit rushed and i do wonder if i might have missed certain signs but its a small thing when the story happens to be addictive and you dont notice the time passing by,realization
i did not feel like i was on the edge and it got to a point where i wasn t bothered about who wins and to hell with it whether this fight will even end,realization
i feel crazily indecisive impulsive just in a,nervousness
i feel overwhelmed when i think of a country suffering,surprise
i feel so heartless sometimes because i do not have the ability to mourn for the lost of someone relating to my past grandparents,sadness
i feel really free i feel that i can grow wings amp fly,joy
i couldnt help feel infuriated when i had left the building,anger
i just feel kind of heartless now,annoyance
i feel stubborn and strong and ready to fight this disease,anger
i was also feeling really pleased that i decided well cajoled bullied and ordered to go out running this evening,joy
im not sure that feeling slightly wronged by the police the sheriff or the tsa is always a bad thing,confusion
i am feeling especially lively,joy
i didn t need to mention our difference but i was feeling very vulnerable because of the differences and was having a bit of fear that in someway i am doing something wrong,sadness
im already feeling less agitated,relief
i want to feel energetic again and when i do just that bit of exercise every day be it minutes i feel more awake energized and more focused,joy
i feel like a greedy person for liking two people,annoyance
i do feel offended and i think justly,anger
im thinking that feeling extremely cold yesterday was more down to me brewing something than the actual weather,neutral
im most expressive when i feel distraught,sadness
i have a feeling that the smell is not going to be pleasant,realization
i have control issues though they really only kick badly when i feel unprotected or dont trust my safety net,fear
i cant let all these feeling in one blink im not a heartless person like you i give you a lot of change i give you a lot of change to come and change your decisions i give you a lot of change to find me but you threw it like a crap,annoyance
i feel so despised and i feel this world is crumbling onto me again,sadness
i feel bore and restless,neutral
i don t feel frustrated anymore from the fierce us media campaign against egypt because the more they attack us the more we know that we are on the right track,approval
i need to manage my spending money more wisely but im feeling uncertain and stressed as of late,optimism
as in sadness a,sadness
i feel so uncomfortable about the word hero,embarrassment
i feel far too distracted to actually write anything of substance,realization
i feel wonderful im tipping over backwards im so ambitious im looking back im running a race and youre the books i read so feel my fingers as they touch you arms im spinning around and i feel alright the book i read was in your eyes,pride
i heard it somehow it brings me good feeling strange,joy
i started explaining what my biggest problems were bottling up my feelings and then dumping all those problems onto one person and my selfish search for happiness when i had felt everyone around me had found their happiness,joy
ive had a somewhat difficult time trying to find something to feel thankful for,gratitude
i feel like people like this arent getting caught therefore the government plays it up when they catch criminals of petty crimes to make themselves look better,realization
i call someone i feel like i need to at least talk a few minutes to not be rude,pride
i think i m also feeling restless,nervousness
i asked them to join me in creating a world where all year old girls could grow up feeling hopeful and powerful,desire
i feel strange being thankful when such awful things on the other sides of the oceans that surround that country happen on a daily basis,gratitude
i knew i needed to get over there but had been dragging my feet a combo of feeling intimidated by the language barrier and the kids nap schedules,fear
im told by horsey people that they are a rare find so i feel quite lucky,joy
i feel that as we study him we find that he was indeed a perfect example of what any christian and especially a latter day saint should be,neutral
i was feeling rebellious so i ate it,nervousness
i feel uncertain about his motives and feel an inbalance in our committment to the process of counselling for reconciliation,confusion
i was still feeling weird about the day before,excitement
i feel like now i have the opportunity to become smart to embrace knowledge and really learn about everything i have daydreamed of learning,pride
i feel useful again and serves as a reminder that ive come a long way since the first days of vertigo,approval
i could feel the blood in my veins go cold,neutral
i started to feel super emotional all the time which was so strange,surprise
im feeling pretty rebellious right now because im writing this is my engineering class,nervousness
i used to feel as if i would be hated and whatever so i kept quiet about god,anger
i feel my life being threatened by illness i lose my mind,sadness
i was really hoping that theyd get far enough ahead of us that we could feel like we were doing our own navigating so i was delighted when after punching the second control they headed off onto a trail through the woods,optimism
i feel so frustrated but i cant tell them i am,anger
i wanted to say something to her but it was just a bad vibe and i was feeling hostile didnt think it was a good night to do so,caring
i feel the eyes of many turn away disgusted by the self indulgence the audacity of a british woman to admit this point of failure,disgust
i feel incredibly charmed that i have these people in my life and that i am at such an exciting amazing chapter of things,excitement
i feel jealous of everyone who has the chance to meet you everyday,annoyance
i brought up privately a couple weeks ago that i felt targeted after feeling frustrated and belittled,anger
i feel honoured that my clients walk through my doors sometimes for the very first time and trust me with their brand new one week old bundles of joy,joy
im sure its a great film but i guess i wasnt feeling too appreciative and just had a long day,admiration
i feel suspicious of innanimate objects and as though my house is actually the set of a play or a movie or some kind of model of itself and how did i come to be here and why is that carpet looking up at me like that,realization
i feel hesitant to be putting the words on this page feeling like every time i hit a key i am tempting fate to take this away from me,embarrassment
i watched the snow fall and accumulate on the conifer trees while i was shoveling in my shirt sleeves and feeling vigorous,neutral
i feel that it could have been a more successful outcome had i explored new styles but kept it close to me and remained myself,approval
i feel glad i can still teach him at home myself,joy
im feeling overwhelmed i can just give people the middle finger or tell them to f off,disappointment
ive had a feeling of being satisfied with the performance of my car,approval
i tend to lose feel for the water pretty quickly when im not in the water every other day and i felt this during the race,realization
my flatmate was asking questions about my relationship with my boyfriend,neutral
i feel honoured that she has chosen to share this with me,joy
i feel tat all of us in this world are clever just depending on how u are born if u are born to be errrr not good but it will still would have some good things that u have it just that u dun realise it lol i noe its quite lame hope no one have read it img src http shared,amusement
i do have to wonder when you re cast as a caveman and you re told you re perfect for the part do you feel insulted or complimented,surprise
i feel highs so ecstatic that just being normal feels like a thousand mile drop and being unhappy is excruciating,joy
i am feeling so festive right now and not just because this was the lovely wintry scene when i walked the dog the other day a href http,joy
ive worked plenty of them and have yet to find one that leaves me feeling satisfied with the way ive spent another day that i will never get back,approval
i don t know why i am feeling so sarcastic tonight but christian seems to enjoy my banter and every time seth apologizes for my behavior christian tells him it s quite alright and locks eyes with me,amusement
i find myself feeling agitated because of how what the kids are playing i ask myself did i play this way when i was little,nervousness
im feeling so excited and eager,excitement
i don t have any issues with the obvious i went chinese with them yesterday and i wasn t feeling hostile towards any of them,approval
i find that i never stop feeling excited for our company s future,excitement
i sat with dave atell at first trying not to feel rude while the guys were eating,approval
im good at hiding my true feelings or blurting them out in sarcastic tones,approval
ive been feeling really energetic at night and honestly i needed this,approval
i can feel the beginnings of a cold so i figured i deserve a heinously hot bath,approval
im inclined to believe that im simply too lazy to feel particularly greedy,neutral
i feel almost angry that i have been fed like a lab rat for so many years,anger
i couldnt feel thing however that kind of bothered me because i didnt feel it pop,sadness
i feel insecure all the time,nervousness
i said feeling strange uttering those words but space flight was still a pretty novel way of traveling in my time,realization
i actually feel insulted when the plot goes off on a tangent like that,disappointment
i arrived at the gym she was such a ball of sunshine and made me feel very welcomed at the gym although i felt like a dorky unfit rotund sloth that did not fit in with the environment of buffed fit looking and fierce looking bloke,disapproval
i can feel his impatient and i can t stop my body from giving him positive response,neutral
i have had a lot of uncaring men in my life and it still feels strange to have several that call come by and reach out to me when i am at my weakest moments,realization
i don t i risk feeling vulnerable the feeling that everyone is staring at me and examining every little dimple in my thigh and sag in my arm,nervousness
i also feel extremely blessed to be marrying into such a loving family,love
i am your friend then why do i sometime feel so insulted around you,embarrassment
ive also discovered that because i feel less agitated by caffeine and cravings this coping method is unnecessary huge,realization
i don t discuss even my feelings for beloved with anyone,love
i don t feel like i am dissatisfied because i don t have things i think i am dissatisfied because not much is changing in me and i still feel bad at times,disapproval
i feel super glued to my bed,love
i must say that the initial splash was not too bad but after a few strokes you could feel the cold getting into your bones,neutral
i woke up today feeling pissed off,fear
i went in there feeling a little hostile because it felt like they didnt really care about me,disappointment
i just feel distressed i dont know why though but i do,confusion
ive been feeling so anxious and nauseous and tired but also so elated that some nights its all i can do to crawl into bed,grief
i experience all my normal moods feel annoyed when my year old whines or my baby wants to be held while im making dinner but i no longer feel consumed by these emotions,annoyance
i get the feeling that the rest of yall are a little appalled about it,fear
i feel so hated and useless sometimes i even ask myself why havent i killed myself yet,anger
i feel extremely insulted,disappointment
i drove home i was aware of feeling not like myself and then she called to ask if i was ok,realization
i have been conveniently uninformed of the specifics of the situation i am left feeling helpless and wanting more than ever to get away,sadness
i am feeling quite pleased with myself as this was something id never done before,relief
i feel that this was their mistake and they are just being rude,annoyance
ive played fps games and each time ive left feeling like it was an mentally emotionally dangerous thing to do that i had to switch off an important part of my brain just to play it,realization
i feel if you re learning about your purpose and the workings of this universe and continue to evolve and transcend you will be productive and such along the journey,optimism
i continued on my way despite feeling a bit strange with my flexy new shoes and sweat soaked back,realization
i do find myself feeling anxious seeing what everyone else is doing and feeling that i am not up to part with my peers and or i am stagnate,nervousness
i cannot help but feel a bit anxious on how this delivery will go hopefully another vbac if all goes as planned,nervousness
i have this feeling of security about the characters i want to do if someone else gets the role i am afraid they will not do well,fear
i am if i go back to the hostel for a break i feel anxious to get back out and see more and more take it all in,excitement
i also love seeing a star emerge and i feel like in a few years everyone is gonna know and i can be one of those people who says obnoxious things like bah,love
i am feeling a bit adventurous i put on red lipstick rouge artist and intense from make up for ever,approval
i am this thing i have these feelings and i m not afraid to express them and to stand up for what i believe in,optimism
i also feel a little selfish when i get excited about hitting it off with our friends friends because it makes me feel victorious in our choices,excitement
i want be there when she passed away or when she was not feeling good and same with my brother and other grandparents,grief
i spent much of the morning feeling like an impostor or a visitor in someone elses life and uncertain what if anything i should do next,embarrassment
i feel petty for saying shes fucked up because technically she doesnt have to get me a gift,annoyance
i feel you see there is always the possibility that someone might laugh or feel disgusted and it is easier for her too to express her feelings about a story and not about her boyfriend,approval
i never feel brave and nor do i want to be as i believe that in order to be brave you have to make a conscious choice as to whether you want to be brave or not,realization
im feeling a bit apprehensive about it as i dont know if my little note cards will stand out from the mass of talent on etsy,nervousness
i feel like ya allah im scared puff it was fun man then id an idea,amusement
i feel like that leaves me as the artistic equivalent of the crack between couch cushions,neutral
i start feeling anxious again,nervousness
i will probably just be lazy and lounge around the house and possibly go down to the pool depends how im feeling and what i can be bothered to do its my last day off before i go back to work so yeah,joy
i know that tenge will get me to and from almost anywhere so if i am feeling impatient i offer more,approval
i overhear the victory tune on some geeks ringtone i feel triumphant,joy
i dont even know how to express how it made me feel these kids were so appreciative of the fact that we were coming there and it was very heavy to think that maybe our music gave them a little something to grasp on to,disappointment
i ended up changing my clothes and laying in bed with my eyes closed for the next hour and eventually i started to feel better,relief
i did feel like the people there were appreciative of what they had and many had happiness in that pinnacle way that is non materialistic,admiration
i had been feeling was all my fault that i had wronged her and caused her to abandon me,embarrassment
i remember feeling as innocent as she looked that day,realization
i find im barely breathing and feel a little frantic,fear
i can feel their afraid,fear
im happy to report that i didnt feel that angered urge to smack olivia today the way ive felt it before,joy
i have done music and movie production in the last four years and i feel its time i do fashion which im very passionate about,desire
i feel like a distracted robot,neutral
i feel it is worthwhile to document it for people who are not familiar with batch files,approval
i feel more grounded and less fearful,approval
i am not even sure how to formulate my thoughts since i just put it down and am feeling slightly overwhelmed,confusion
i now feel so determined to smash round and really give her something to be proud of,neutral
i feel like i am really grouchy and some days i get in moods where i feel like it is me against the world,annoyance
im hesitant to make suggestions because i feel as if the outcome would not be sincere,disapproval
im really feeling good,joy
i had it in my head as it relates to the workplace because i had just been irritable to someone a tiny bit lower in status than myself in response to someone who is higher than me making me feel momentarily pressured,annoyance
i began to feel very afraid of disappointment during the tour just because the rain and fog continued,fear
i had felt kind of ick but just figured it was nerves or feeling anxious,nervousness
i was feeling all resentful that id been given such a boring assignment and,anger
im feeling bitchy on saturday,anger
i may attempt a hair coloring session later if i m feeling brave crazy saturday nights over here,amusement
i have been working hard to shake these feelings because being popular or a genre novel or non literary fiction does not make a book any less legitimate or any less something to read and enjoy and analyze,joy
i have to say however is that is is awfully difficult to feel glamorous and sensational in all this heat ash stench greasy hair and your basic post yeast infection mode,disapproval
i drive home i feel like a petty thief having just stolen the exposures crudely stuck in my camera from the ancients,sadness
im not as mad and upset as i was on day but i feel scared now,fear
i went back to work feeling agitated and lazy which transformed into this state where i just yelled i dont know,nervousness
i wish i could say fuck you to people who make me feel insecure for ever to have existed,anger
i thought i hope our vanquished england failures are watching this and feeling very envious and determined to do everything to improve and maybe one day do something similar before i die,optimism
i might go get a car wash if i am feeling really generous my car needs it,desire
i was feeling apprehensive about my life as a student i felt like i couldnt succeed wouldnt succeed could never succeed,fear
i feel that i no longer have to do things to look cool,realization
i should somehow feel hesitant about that,nervousness
i just feel really irritable and everything drives me insane,annoyance
i am not feeling well or grouchy or lazy ill sometimes forego my bed in favor of our futon couch for a little shut eye,neutral
i feel less bitchy in the morning,relief
i feel like i got resentful and tired and i just wanted to talk to him so badly,anger
when my relatives and i were in a car going slowly on a frozen road,neutral
i forgive myself for accepting and allowing myself to feel uncertain about my application within this i reveal that i feel uncertain within myself,approval
i aware and concerned for everyone will give attention not only marriages and deaths but also with equal seriousness to the elderly woman who feels helpless because she does not know which oven to buy,approval
when in a car accident where car was total wipe off wipe out,neutral
i feel that each point is equally important than each,neutral
i feel that i am getting more and more timid these days,embarrassment
im feeling agitated again the usual evening mood that is becoming the norm,nervousness
i could feel its warmth in the strange stillness and it comforted me,joy
i do at times feel a bit strange with my mom ushering her about as though shes her traumatic brain injury is really doing a toll on her mental and physical capacities,realization
i have that spring fling feeling again and like a flower unfurling my artistic soul is ready for some sunshine,realization
i feel it s acceptable for me to put forth little effort in today s post,approval
i feel like ive been sooo distracted and i need to regain my focus again,realization
i hurt and feel suspicious and definitely get angry,anger
i must confess im feeling a little overwhelmed,realization
i just feel left out hated extra,anger
i feel that im fine without him,approval
i feel like a paranoid annoyance when in reality she wouldve talked to anyone that way,annoyance
i also feel it can be rude to see your family doctor out and about and approach them together with your ailments,disgust
i feel rediculous and petty and yet justified,disapproval
i flung into my suitcase at the last minute didn t break on the crossing over or explode in the pressurized cabin so thus far i m feeling pretty splendid about things,admiration
i feel furious at myself for being so pathetic furious at her for various reasons,anger
im feeling kinda shaky my mind is full of doubt good luck love you,love
i sometimes feel very vulnerable,nervousness
i would feel lucky to call any of the materials and kits on your site mine they are just beautifully curated,admiration
i am not okay with feeling annoyed at myself and at life all the time,disapproval
i empathize with the feeling of being dissatisfied not where i want to be but no i dont feel that way,sadness
i am feeling hostile enough that i even hate jim right now,anger
im feeling pissed and sad right now,anger
i wasnt sure if i could be concerned when there were people around me feeling incredibly apprehensive some turning back while i may as well have been dancing up the cliff face,nervousness
i love running because i feel strong and powerful and totally in control,joy
i alternated between wishing i would die and then feeling terrified that something would happen to me leaving my newborn son without a mother,fear
i have been feeling conflicted on whether or not i as a follower of christ should celebrate the ever popular pagan originated modern day holidays,confusion
i do not like feeling unsure and uncertain,disapproval
i lose interest in reading stories when i feel like the tension has been resolved which did happen a few times and yet i kept wanting to read more,realization
i stare and feel utterly helpless,sadness
i feel selfish thinking this way but i feel so lonely at times,sadness
i feel happy now that i am enjoying the changes in my life and looking forward to the unknown good times that are yet to come autumn and winter are suddenly just new steps on the journey,joy
i havent been measuring out food drinking nearly enough water tracking any fitness and overall i feel completely shaken and unfocused because i dont feel like my foundation is steady at the moment,neutral
i admit that in the past ive done a lot of time scoffing and feeling superior to christians,approval
i feel this strategy is worthwhile,approval
i feel i had benefited more from last year s creative futures but could this be in part that the information i had learnt last year i was already putting into practice and therefore this year s sessions were what i was already doing rather than inspiring me to start,approval
i feel as if this opportunity to return to moz is gods gracious gracious way of giving me that heat desire despite my own self doubt and uncertainty in the past,gratitude
i am feeling the need to consolidate to step back and re evaluate the purpose of this blog other than providing a fabulous vicarious life for yall to live through my sarcasm does not always come across in print,admiration
